{
	"class_name" : "PinholeCameraParameters",
	"extrinsic" : 
	[
		0.88059020305207003,
		-0.44486411548466415,
		-0.16326914295959782,
		0.0,
		0.47143587316166524,
		0.85735008779791788,
		0.2066374710675703,
		0.0,
		0.048053218258639438,
		-0.25893386357707271,
		0.9646989906224831,
		0.0,
		-2.3092496069419659,
		-0.69481667733956798,
		2.3535870699438366,
		1.0
	],
	"intrinsic" : 
	{
		"height" : 1080,
		"intrinsic_matrix" : 
		[
			935.30743608719376,
			0.0,
			0.0,
			0.0,
			935.30743608719376,
			0.0,
			959.5,
			539.5,
			1.0
		],
		"width" : 1920
	},
	"version_major" : 1,
	"version_minor" : 0
}